id,timestamp,tool_name,status,duration_ms,args_summary,result_summary
1,2026-05-05T10:02:20.988069+00:00,rita_market_overview,ok,70235.8,instrument=ASML,"**ASML — Market Overview**

Sentiment:   **NEUTRAL** (score +0/6)
Trend:       sideways (score +0.168)
RSI-14:      55.7 — neutral
ATR-14:      49.89  (volatility at 100th percentile)
Bollinger:   mid"
2,2026-05-05T10:02:21.014799+00:00,rita_market_overview,ok,5.1,instrument=ASML,"**ASML — Market Overview**

Sentiment:   **NEUTRAL** (score +0/6)
Trend:       sideways (score +0.168)
RSI-14:      55.7 — neutral
ATR-14:      49.89  (volatility at 100th percentile)
Bollinger:   mid"
3,2026-05-05T10:06:01.961319+00:00,rita_market_overview,ok,6.1,instrument=ASML,"**ASML — Market Overview**

Sentiment:   **NEUTRAL** (score +0/6)
Trend:       sideways (score +0.168)
RSI-14:      55.7 — neutral
ATR-14:      49.89  (volatility at 100th percentile)
Bollinger:   mid"
4,2026-05-05T10:09:23.912241+00:00,rita_market_overview,ok,86781.2,instrument=NVIDIA,"**NVIDIA — Market Overview**

Sentiment:   **NEUTRAL** (score +0/6)
Trend:       sideways (score -0.142)
RSI-14:      49.1 — neutral
ATR-14:      5.67  (volatility at 97th percentile)
Bollinger:   mid"
5,2026-05-05T10:09:23.937316+00:00,rita_market_overview,ok,7.3,instrument=NVIDIA,"**NVIDIA — Market Overview**

Sentiment:   **NEUTRAL** (score +0/6)
Trend:       sideways (score -0.142)
RSI-14:      49.1 — neutral
ATR-14:      5.67  (volatility at 97th percentile)
Bollinger:   mid"
